[
  {
    "model": "auth.user",
    "pk": 1,
    "fields": {
      "username": "user1",
      "email": "user1@example.com",
      "is_active": true,
      "date_joined": "2024-01-02T00:00:00Z",
      "last_login": "2024-01-02T00:00:00Z"
    }
  },
  {
    "model": "auth.user",
    "pk": 2,
    "fields": {
      "username": "user2",
      "email": "user2@example.com",
      "is_active": true,
      "date_joined": "2024-01-03T00:00:00Z",
      "last_login": "2024-01-03T00:00:00Z"
    }
  },
  {
    "model": "auth.user",
    "pk": 3,
    "fields": {
      "username": "user3",
      "email": "user3@example.com",
      "is_active": true,
      "date_joined": "2024-01-04T00:00:00Z",
      "last_login": "2024-01-04T00:00:00Z"
    }
  },
  {
    "model": "auth.user",
    "pk": 4,
    "fields": {
      "username": "user4",
      "email": "user4@example.com",
      "is_active": true,
      "date_joined": "2024-01-05T00:00:00Z",
      "last_login": "2024-01-05T00:00:00Z"
    }
  },
  {
    "model": "auth.user",
    "pk": 5,
    "fields": {
      "username": "user5",
      "email": "user5@example.com",
      "is_active": true,
      "date_joined": "2024-01-06T00:00:00Z",
      "last_login": "2024-01-06T00:00:00Z"
    }
  },
  {
    "model": "auth.user",
    "pk": 6,
    "fields": {
      "username": "user6",
      "email": "user6@example.com",
      "is_active": true,
      "date_joined": "2024-01-07T00:00:00Z",
      "last_login": "2024-01-07T00:00:00Z"
    }
  },
  {
    "model": "auth.user",
    "pk": 7,
    "fields": {
      "username": "user7",
      "email": "user7@example.com",
      "is_active": true,
      "date_joined": "2024-01-08T00:00:00Z",
      "last_login": "2024-01-08T00:00:00Z"
    }
  },
  {
    "model": "auth.user",
    "pk": 8,
    "fields": {
      "username": "user8",
      "email": "user8@example.com",
      "is_active": true,
      "date_joined": "2024-01-09T00:00:00Z",
      "last_login": "2024-01-09T00:00:00Z"
    }
  },
  {
    "model": "auth.user",
    "pk": 9,
    "fields": {
      "username": "user9",
      "email": "user9@example.com",
      "is_active": true,
      "date_joined": "2024-01-10T00:00:00Z",
      "last_login": "2024-01-10T00:00:00Z"
    }
  },
  {
    "model": "auth.user",
    "pk": 10,
    "fields": {
      "username": "user10",
      "email": "user10@example.com",
      "is_active": true,
      "date_joined": "2024-01-11T00:00:00Z",
      "last_login": "2024-01-11T00:00:00Z"
    }
  },
  {
    "model": "auth.user",
    "pk": 11,
    "fields": {
      "username": "user11",
      "email": "user11@example.com",
      "is_active": true,
      "date_joined": "2024-01-12T00:00:00Z",
      "last_login": "2024-01-12T00:00:00Z"
    }
  },
  {
    "model": "auth.user",
    "pk": 12,
    "fields": {
      "username": "user12",
      "email": "user12@example.com",
      "is_active": true,
      "date_joined": "2024-01-13T00:00:00Z",
      "last_login": "2024-01-13T00:00:00Z"
    }
  },
  {
    "model": "auth.user",
    "pk": 13,
    "fields": {
      "username": "user13",
      "email": "user13@example.com",
      "is_active": true,
      "date_joined": "2024-01-14T00:00:00Z",
      "last_login": "2024-01-14T00:00:00Z"
    }
  },
  {
    "model": "auth.user",
    "pk": 14,
    "fields": {
      "username": "user14",
      "email": "user14@example.com",
      "is_active": true,
      "date_joined": "2024-01-15T00:00:00Z",
      "last_login": "2024-01-15T00:00:00Z"
    }
  },
  {
    "model": "auth.user",
    "pk": 15,
    "fields": {
      "username": "user15",
      "email": "user15@example.com",
      "is_active": true,
      "date_joined": "2024-01-16T00:00:00Z",
      "last_login": "2024-01-16T00:00:00Z"
    }
  },
  {
    "model": "auth.user",
    "pk": 16,
    "fields": {
      "username": "user16",
      "email": "user16@example.com",
      "is_active": true,
      "date_joined": "2024-01-17T00:00:00Z",
      "last_login": "2024-01-17T00:00:00Z"
    }
  },
  {
    "model": "auth.user",
    "pk": 17,
    "fields": {
      "username": "user17",
      "email": "user17@example.com",
      "is_active": true,
      "date_joined": "2024-01-18T00:00:00Z",
      "last_login": "2024-01-18T00:00:00Z"
    }
  },
  {
    "model": "auth.user",
    "pk": 18,
    "fields": {
      "username": "user18",
      "email": "user18@example.com",
      "is_active": true,
      "date_joined": "2024-01-19T00:00:00Z",
      "last_login": "2024-01-19T00:00:00Z"
    }
  },
  {
    "model": "auth.user",
    "pk": 19,
    "fields": {
      "username": "user19",
      "email": "user19@example.com",
      "is_active": true,
      "date_joined": "2024-01-20T00:00:00Z",
      "last_login": "2024-01-20T00:00:00Z"
    }
  },
  {
    "model": "auth.user",
    "pk": 20,
    "fields": {
      "username": "user20",
      "email": "user20@example.com",
      "is_active": true,
      "date_joined": "2024-01-21T00:00:00Z",
      "last_login": "2024-01-21T00:00:00Z"
    }
  },
  {
    "model": "auth.user",
    "pk": 21,
    "fields": {
      "username": "user21",
      "email": "user21@example.com",
      "is_active": true,
      "date_joined": "2024-01-22T00:00:00Z",
      "last_login": "2024-01-22T00:00:00Z"
    }
  },
  {
    "model": "auth.user",
    "pk": 22,
    "fields": {
      "username": "user22",
      "email": "user22@example.com",
      "is_active": true,
      "date_joined": "2024-01-23T00:00:00Z",
      "last_login": "2024-01-23T00:00:00Z"
    }
  },
  {
    "model": "auth.user",
    "pk": 23,
    "fields": {
      "username": "user23",
      "email": "user23@example.com",
      "is_active": true,
      "date_joined": "2024-01-24T00:00:00Z",
      "last_login": "2024-01-24T00:00:00Z"
    }
  },
  {
    "model": "auth.user",
    "pk": 24,
    "fields": {
      "username": "user24",
      "email": "user24@example.com",
      "is_active": true,
      "date_joined": "2024-01-25T00:00:00Z",
      "last_login": "2024-01-25T00:00:00Z"
    }
  },
  {
    "model": "auth.user",
    "pk": 25,
    "fields": {
      "username": "user25",
      "email": "user25@example.com",
      "is_active": true,
      "date_joined": "2024-01-26T00:00:00Z",
      "last_login": "2024-01-26T00:00:00Z"
    }
  },
  {
    "model": "auth.user",
    "pk": 26,
    "fields": {
      "username": "user26",
      "email": "user26@example.com",
      "is_active": true,
      "date_joined": "2024-01-27T00:00:00Z",
      "last_login": "2024-01-27T00:00:00Z"
    }
  },
  {
    "model": "auth.user",
    "pk": 27,
    "fields": {
      "username": "user27",
      "email": "user27@example.com",
      "is_active": true,
      "date_joined": "2024-01-28T00:00:00Z",
      "last_login": "2024-01-28T00:00:00Z"
    }
  },
  {
    "model": "auth.user",
    "pk": 28,
    "fields": {
      "username": "user28",
      "email": "user28@example.com",
      "is_active": true,
      "date_joined": "2024-01-29T00:00:00Z",
      "last_login": "2024-01-29T00:00:00Z"
    }
  },
  {
    "model": "auth.user",
    "pk": 29,
    "fields": {
      "username": "user29",
      "email": "user29@example.com",
      "is_active": true,
      "date_joined": "2024-01-30T00:00:00Z",
      "last_login": "2024-01-30T00:00:00Z"
    }
  },
  {
    "model": "auth.user",
    "pk": 30,
    "fields": {
      "username": "user30",
      "email": "user30@example.com",
      "is_active": true,
      "date_joined": "2024-01-31T00:00:00Z",
      "last_login": "2024-01-31T00:00:00Z"
    }
  },
  {
    "model": "biomarkers.userprofile",
    "pk": 1,
    "fields": {
      "user": 1,
      "display_name": "User 1",
      "bio": "Bio for user 1",
      "created_at": "2024-01-02T00:00:00Z",
      "updated_at": "2024-01-02T00:00:00Z"
    }
  },
  {
    "model": "biomarkers.userprofile",
    "pk": 2,
    "fields": {
      "user": 2,
      "display_name": "User 2",
      "bio": "Bio for user 2",
      "created_at": "2024-01-03T00:00:00Z",
      "updated_at": "2024-01-03T00:00:00Z"
    }
  },
  {
    "model": "biomarkers.userprofile",
    "pk": 3,
    "fields": {
      "user": 3,
      "display_name": "User 3",
      "bio": "Bio for user 3",
      "created_at": "2024-01-04T00:00:00Z",
      "updated_at": "2024-01-04T00:00:00Z"
    }
  },
  {
    "model": "biomarkers.userprofile",
    "pk": 4,
    "fields": {
      "user": 4,
      "display_name": "User 4",
      "bio": "Bio for user 4",
      "created_at": "2024-01-05T00:00:00Z",
      "updated_at": "2024-01-05T00:00:00Z"
    }
  },
  {
    "model": "biomarkers.userprofile",
    "pk": 5,
    "fields": {
      "user": 5,
      "display_name": "User 5",
      "bio": "Bio for user 5",
      "created_at": "2024-01-06T00:00:00Z",
      "updated_at": "2024-01-06T00:00:00Z"
    }
  },
  {
    "model": "biomarkers.userprofile",
    "pk": 6,
    "fields": {
      "user": 6,
      "display_name": "User 6",
      "bio": "Bio for user 6",
      "created_at": "2024-01-07T00:00:00Z",
      "updated_at": "2024-01-07T00:00:00Z"
    }
  },
  {
    "model": "biomarkers.userprofile",
    "pk": 7,
    "fields": {
      "user": 7,
      "display_name": "User 7",
      "bio": "Bio for user 7",
      "created_at": "2024-01-08T00:00:00Z",
      "updated_at": "2024-01-08T00:00:00Z"
    }
  },
  {
    "model": "biomarkers.userprofile",
    "pk": 8,
    "fields": {
      "user": 8,
      "display_name": "User 8",
      "bio": "Bio for user 8",
      "created_at": "2024-01-09T00:00:00Z",
      "updated_at": "2024-01-09T00:00:00Z"
    }
  },
  {
    "model": "biomarkers.userprofile",
    "pk": 9,
    "fields": {
      "user": 9,
      "display_name": "User 9",
      "bio": "Bio for user 9",
      "created_at": "2024-01-10T00:00:00Z",
      "updated_at": "2024-01-10T00:00:00Z"
    }
  },
  {
    "model": "biomarkers.userprofile",
    "pk": 10,
    "fields": {
      "user": 10,
      "display_name": "User 10",
      "bio": "Bio for user 10",
      "created_at": "2024-01-11T00:00:00Z",
      "updated_at": "2024-01-11T00:00:00Z"
    }
  },
  {
    "model": "biomarkers.userprofile",
    "pk": 11,
    "fields": {
      "user": 11,
      "display_name": "User 11",
      "bio": "Bio for user 11",
      "created_at": "2024-01-12T00:00:00Z",
      "updated_at": "2024-01-12T00:00:00Z"
    }
  },
  {
    "model": "biomarkers.userprofile",
    "pk": 12,
    "fields": {
      "user": 12,
      "display_name": "User 12",
      "bio": "Bio for user 12",
      "created_at": "2024-01-13T00:00:00Z",
      "updated_at": "2024-01-13T00:00:00Z"
    }
  },
  {
    "model": "biomarkers.userprofile",
    "pk": 13,
    "fields": {
      "user": 13,
      "display_name": "User 13",
      "bio": "Bio for user 13",
      "created_at": "2024-01-14T00:00:00Z",
      "updated_at": "2024-01-14T00:00:00Z"
    }
  },
  {
    "model": "biomarkers.userprofile",
    "pk": 14,
    "fields": {
      "user": 14,
      "display_name": "User 14",
      "bio": "Bio for user 14",
      "created_at": "2024-01-15T00:00:00Z",
      "updated_at": "2024-01-15T00:00:00Z"
    }
  },
  {
    "model": "biomarkers.userprofile",
    "pk": 15,
    "fields": {
      "user": 15,
      "display_name": "User 15",
      "bio": "Bio for user 15",
      "created_at": "2024-01-16T00:00:00Z",
      "updated_at": "2024-01-16T00:00:00Z"
    }
  },
  {
    "model": "biomarkers.userprofile",
    "pk": 16,
    "fields": {
      "user": 16,
      "display_name": "User 16",
      "bio": "Bio for user 16",
      "created_at": "2024-01-17T00:00:00Z",
      "updated_at": "2024-01-17T00:00:00Z"
    }
  },
  {
    "model": "biomarkers.userprofile",
    "pk": 17,
    "fields": {
      "user": 17,
      "display_name": "User 17",
      "bio": "Bio for user 17",
      "created_at": "2024-01-18T00:00:00Z",
      "updated_at": "2024-01-18T00:00:00Z"
    }
  },
  {
    "model": "biomarkers.userprofile",
    "pk": 18,
    "fields": {
      "user": 18,
      "display_name": "User 18",
      "bio": "Bio for user 18",
      "created_at": "2024-01-19T00:00:00Z",
      "updated_at": "2024-01-19T00:00:00Z"
    }
  },
  {
    "model": "biomarkers.userprofile",
    "pk": 19,
    "fields": {
      "user": 19,
      "display_name": "User 19",
      "bio": "Bio for user 19",
      "created_at": "2024-01-20T00:00:00Z",
      "updated_at": "2024-01-20T00:00:00Z"
    }
  },
  {
    "model": "biomarkers.userprofile",
    "pk": 20,
    "fields": {
      "user": 20,
      "display_name": "User 20",
      "bio": "Bio for user 20",
      "created_at": "2024-01-21T00:00:00Z",
      "updated_at": "2024-01-21T00:00:00Z"
    }
  },
  {
    "model": "biomarkers.userprofile",
    "pk": 21,
    "fields": {
      "user": 21,
      "display_name": "User 21",
      "bio": "Bio for user 21",
      "created_at": "2024-01-22T00:00:00Z",
      "updated_at": "2024-01-22T00:00:00Z"
    }
  },
  {
    "model": "biomarkers.userprofile",
    "pk": 22,
    "fields": {
      "user": 22,
      "display_name": "User 22",
      "bio": "Bio for user 22",
      "created_at": "2024-01-23T00:00:00Z",
      "updated_at": "2024-01-23T00:00:00Z"
    }
  },
  {
    "model": "biomarkers.userprofile",
    "pk": 23,
    "fields": {
      "user": 23,
      "display_name": "User 23",
      "bio": "Bio for user 23",
      "created_at": "2024-01-24T00:00:00Z",
      "updated_at": "2024-01-24T00:00:00Z"
    }
  },
  {
    "model": "biomarkers.userprofile",
    "pk": 24,
    "fields": {
      "user": 24,
      "display_name": "User 24",
      "bio": "Bio for user 24",
      "created_at": "2024-01-25T00:00:00Z",
      "updated_at": "2024-01-25T00:00:00Z"
    }
  },
  {
    "model": "biomarkers.userprofile",
    "pk": 25,
    "fields": {
      "user": 25,
      "display_name": "User 25",
      "bio": "Bio for user 25",
      "created_at": "2024-01-26T00:00:00Z",
      "updated_at": "2024-01-26T00:00:00Z"
    }
  },
  {
    "model": "biomarkers.userprofile",
    "pk": 26,
    "fields": {
      "user": 26,
      "display_name": "User 26",
      "bio": "Bio for user 26",
      "created_at": "2024-01-27T00:00:00Z",
      "updated_at": "2024-01-27T00:00:00Z"
    }
  },
  {
    "model": "biomarkers.userprofile",
    "pk": 27,
    "fields": {
      "user": 27,
      "display_name": "User 27",
      "bio": "Bio for user 27",
      "created_at": "2024-01-28T00:00:00Z",
      "updated_at": "2024-01-28T00:00:00Z"
    }
  },
  {
    "model": "biomarkers.userprofile",
    "pk": 28,
    "fields": {
      "user": 28,
      "display_name": "User 28",
      "bio": "Bio for user 28",
      "created_at": "2024-01-29T00:00:00Z",
      "updated_at": "2024-01-29T00:00:00Z"
    }
  },
  {
    "model": "biomarkers.userprofile",
    "pk": 29,
    "fields": {
      "user": 29,
      "display_name": "User 29",
      "bio": "Bio for user 29",
      "created_at": "2024-01-30T00:00:00Z",
      "updated_at": "2024-01-30T00:00:00Z"
    }
  },
  {
    "model": "biomarkers.userprofile",
    "pk": 30,
    "fields": {
      "user": 30,
      "display_name": "User 30",
      "bio": "Bio for user 30",
      "created_at": "2024-01-31T00:00:00Z",
      "updated_at": "2024-01-31T00:00:00Z"
    }
  },
  {
    "model": "biomarkers.publisher",
    "pk": 1,
    "fields": {
      "name": "Publisher 01",
      "website": "https://pub01.example.com",
      "created_at": "2024-01-02T00:00:00Z",
      "updated_at": "2024-01-02T00:00:00Z"
    }
  },
  {
    "model": "biomarkers.publisher",
    "pk": 2,
    "fields": {
      "name": "Publisher 02",
      "website": "https://pub02.example.com",
      "created_at": "2024-01-03T00:00:00Z",
      "updated_at": "2024-01-03T00:00:00Z"
    }
  },
  {
    "model": "biomarkers.publisher",
    "pk": 3,
    "fields": {
      "name": "Publisher 03",
      "website": "https://pub03.example.com",
      "created_at": "2024-01-04T00:00:00Z",
      "updated_at": "2024-01-04T00:00:00Z"
    }
  },
  {
    "model": "biomarkers.publisher",
    "pk": 4,
    "fields": {
      "name": "Publisher 04",
      "website": "https://pub04.example.com",
      "created_at": "2024-01-05T00:00:00Z",
      "updated_at": "2024-01-05T00:00:00Z"
    }
  },
  {
    "model": "biomarkers.publisher",
    "pk": 5,
    "fields": {
      "name": "Publisher 05",
      "website": "https://pub05.example.com",
      "created_at": "2024-01-06T00:00:00Z",
      "updated_at": "2024-01-06T00:00:00Z"
    }
  },
  {
    "model": "biomarkers.publisher",
    "pk": 6,
    "fields": {
      "name": "Publisher 06",
      "website": "https://pub06.example.com",
      "created_at": "2024-01-07T00:00:00Z",
      "updated_at": "2024-01-07T00:00:00Z"
    }
  },
  {
    "model": "biomarkers.publisher",
    "pk": 7,
    "fields": {
      "name": "Publisher 07",
      "website": "https://pub07.example.com",
      "created_at": "2024-01-08T00:00:00Z",
      "updated_at": "2024-01-08T00:00:00Z"
    }
  },
  {
    "model": "biomarkers.publisher",
    "pk": 8,
    "fields": {
      "name": "Publisher 08",
      "website": "https://pub08.example.com",
      "created_at": "2024-01-09T00:00:00Z",
      "updated_at": "2024-01-09T00:00:00Z"
    }
  },
  {
    "model": "biomarkers.publisher",
    "pk": 9,
    "fields": {
      "name": "Publisher 09",
      "website": "https://pub09.example.com",
      "created_at": "2024-01-10T00:00:00Z",
      "updated_at": "2024-01-10T00:00:00Z"
    }
  },
  {
    "model": "biomarkers.publisher",
    "pk": 10,
    "fields": {
      "name": "Publisher 10",
      "website": "https://pub10.example.com",
      "created_at": "2024-01-11T00:00:00Z",
      "updated_at": "2024-01-11T00:00:00Z"
    }
  },
  {
    "model": "biomarkers.publisher",
    "pk": 11,
    "fields": {
      "name": "Publisher 11",
      "website": "https://pub11.example.com",
      "created_at": "2024-01-12T00:00:00Z",
      "updated_at": "2024-01-12T00:00:00Z"
    }
  },
  {
    "model": "biomarkers.publisher",
    "pk": 12,
    "fields": {
      "name": "Publisher 12",
      "website": "https://pub12.example.com",
      "created_at": "2024-01-13T00:00:00Z",
      "updated_at": "2024-01-13T00:00:00Z"
    }
  },
  {
    "model": "biomarkers.publisher",
    "pk": 13,
    "fields": {
      "name": "Publisher 13",
      "website": "https://pub13.example.com",
      "created_at": "2024-01-14T00:00:00Z",
      "updated_at": "2024-01-14T00:00:00Z"
    }
  },
  {
    "model": "biomarkers.publisher",
    "pk": 14,
    "fields": {
      "name": "Publisher 14",
      "website": "https://pub14.example.com",
      "created_at": "2024-01-15T00:00:00Z",
      "updated_at": "2024-01-15T00:00:00Z"
    }
  },
  {
    "model": "biomarkers.publisher",
    "pk": 15,
    "fields": {
      "name": "Publisher 15",
      "website": "https://pub15.example.com",
      "created_at": "2024-01-16T00:00:00Z",
      "updated_at": "2024-01-16T00:00:00Z"
    }
  },
  {
    "model": "biomarkers.publisher",
    "pk": 16,
    "fields": {
      "name": "Publisher 16",
      "website": "https://pub16.example.com",
      "created_at": "2024-01-17T00:00:00Z",
      "updated_at": "2024-01-17T00:00:00Z"
    }
  },
  {
    "model": "biomarkers.publisher",
    "pk": 17,
    "fields": {
      "name": "Publisher 17",
      "website": "https://pub17.example.com",
      "created_at": "2024-01-18T00:00:00Z",
      "updated_at": "2024-01-18T00:00:00Z"
    }
  },
  {
    "model": "biomarkers.publisher",
    "pk": 18,
    "fields": {
      "name": "Publisher 18",
      "website": "https://pub18.example.com",
      "created_at": "2024-01-19T00:00:00Z",
      "updated_at": "2024-01-19T00:00:00Z"
    }
  },
  {
    "model": "biomarkers.publisher",
    "pk": 19,
    "fields": {
      "name": "Publisher 19",
      "website": "https://pub19.example.com",
      "created_at": "2024-01-20T00:00:00Z",
      "updated_at": "2024-01-20T00:00:00Z"
    }
  },
  {
    "model": "biomarkers.publisher",
    "pk": 20,
    "fields": {
      "name": "Publisher 20",
      "website": "https://pub20.example.com",
      "created_at": "2024-01-21T00:00:00Z",
      "updated_at": "2024-01-21T00:00:00Z"
    }
  },
  {
    "model": "biomarkers.publisher",
    "pk": 21,
    "fields": {
      "name": "Publisher 21",
      "website": "https://pub21.example.com",
      "created_at": "2024-01-22T00:00:00Z",
      "updated_at": "2024-01-22T00:00:00Z"
    }
  },
  {
    "model": "biomarkers.publisher",
    "pk": 22,
    "fields": {
      "name": "Publisher 22",
      "website": "https://pub22.example.com",
      "created_at": "2024-01-23T00:00:00Z",
      "updated_at": "2024-01-23T00:00:00Z"
    }
  },
  {
    "model": "biomarkers.publisher",
    "pk": 23,
    "fields": {
      "name": "Publisher 23",
      "website": "https://pub23.example.com",
      "created_at": "2024-01-24T00:00:00Z",
      "updated_at": "2024-01-24T00:00:00Z"
    }
  },
  {
    "model": "biomarkers.publisher",
    "pk": 24,
    "fields": {
      "name": "Publisher 24",
      "website": "https://pub24.example.com",
      "created_at": "2024-01-25T00:00:00Z",
      "updated_at": "2024-01-25T00:00:00Z"
    }
  },
  {
    "model": "biomarkers.publisher",
    "pk": 25,
    "fields": {
      "name": "Publisher 25",
      "website": "https://pub25.example.com",
      "created_at": "2024-01-26T00:00:00Z",
      "updated_at": "2024-01-26T00:00:00Z"
    }
  },
  {
    "model": "biomarkers.publisher",
    "pk": 26,
    "fields": {
      "name": "Publisher 26",
      "website": "https://pub26.example.com",
      "created_at": "2024-01-27T00:00:00Z",
      "updated_at": "2024-01-27T00:00:00Z"
    }
  },
  {
    "model": "biomarkers.publisher",
    "pk": 27,
    "fields": {
      "name": "Publisher 27",
      "website": "https://pub27.example.com",
      "created_at": "2024-01-28T00:00:00Z",
      "updated_at": "2024-01-28T00:00:00Z"
    }
  },
  {
    "model": "biomarkers.publisher",
    "pk": 28,
    "fields": {
      "name": "Publisher 28",
      "website": "https://pub28.example.com",
      "created_at": "2024-01-29T00:00:00Z",
      "updated_at": "2024-01-29T00:00:00Z"
    }
  },
  {
    "model": "biomarkers.publisher",
    "pk": 29,
    "fields": {
      "name": "Publisher 29",
      "website": "https://pub29.example.com",
      "created_at": "2024-01-30T00:00:00Z",
      "updated_at": "2024-01-30T00:00:00Z"
    }
  },
  {
    "model": "biomarkers.publisher",
    "pk": 30,
    "fields": {
      "name": "Publisher 30",
      "website": "https://pub30.example.com",
      "created_at": "2024-01-31T00:00:00Z",
      "updated_at": "2024-01-31T00:00:00Z"
    }
  },
  {
    "model": "biomarkers.category",
    "pk": 1,
    "fields": {
      "name": "Category Root 1",
      "parent": null,
      "created_at": "2024-01-02T00:00:00Z",
      "updated_at": "2024-01-02T00:00:00Z"
    }
  },
  {
    "model": "biomarkers.category",
    "pk": 2,
    "fields": {
      "name": "Category Root 2",
      "parent": null,
      "created_at": "2024-01-03T00:00:00Z",
      "updated_at": "2024-01-03T00:00:00Z"
    }
  },
  {
    "model": "biomarkers.category",
    "pk": 3,
    "fields": {
      "name": "Category Root 3",
      "parent": null,
      "created_at": "2024-01-04T00:00:00Z",
      "updated_at": "2024-01-04T00:00:00Z"
    }
  },
  {
    "model": "biomarkers.category",
    "pk": 4,
    "fields": {
      "name": "Category Root 4",
      "parent": null,
      "created_at": "2024-01-05T00:00:00Z",
      "updated_at": "2024-01-05T00:00:00Z"
    }
  },
  {
    "model": "biomarkers.category",
    "pk": 5,
    "fields": {
      "name": "Category Root 5",
      "parent": null,
      "created_at": "2024-01-06T00:00:00Z",
      "updated_at": "2024-01-06T00:00:00Z"
    }
  },
  {
    "model": "biomarkers.category",
    "pk": 6,
    "fields": {
      "name": "Category Root 6",
      "parent": null,
      "created_at": "2024-01-07T00:00:00Z",
      "updated_at": "2024-01-07T00:00:00Z"
    }
  },
  {
    "model": "biomarkers.category",
    "pk": 7,
    "fields": {
      "name": "Category Root 7",
      "parent": null,
      "created_at": "2024-01-08T00:00:00Z",
      "updated_at": "2024-01-08T00:00:00Z"
    }
  },
  {
    "model": "biomarkers.category",
    "pk": 8,
    "fields": {
      "name": "Category Root 8",
      "parent": null,
      "created_at": "2024-01-09T00:00:00Z",
      "updated_at": "2024-01-09T00:00:00Z"
    }
  },
  {
    "model": "biomarkers.category",
    "pk": 9,
    "fields": {
      "name": "Category Root 9",
      "parent": null,
      "created_at": "2024-01-10T00:00:00Z",
      "updated_at": "2024-01-10T00:00:00Z"
    }
  },
  {
    "model": "biomarkers.category",
    "pk": 10,
    "fields": {
      "name": "Category Root 10",
      "parent": null,
      "created_at": "2024-01-11T00:00:00Z",
      "updated_at": "2024-01-11T00:00:00Z"
    }
  },
  {
    "model": "biomarkers.category",
    "pk": 11,
    "fields": {
      "name": "Category Child 1",
      "parent": 1,
      "created_at": "2024-01-12T00:00:00Z",
      "updated_at": "2024-01-12T00:00:00Z"
    }
  },
  {
    "model": "biomarkers.category",
    "pk": 12,
    "fields": {
      "name": "Category Child 2",
      "parent": 2,
      "created_at": "2024-01-13T00:00:00Z",
      "updated_at": "2024-01-13T00:00:00Z"
    }
  },
  {
    "model": "biomarkers.category",
    "pk": 13,
    "fields": {
      "name": "Category Child 3",
      "parent": 3,
      "created_at": "2024-01-14T00:00:00Z",
      "updated_at": "2024-01-14T00:00:00Z"
    }
  },
  {
    "model": "biomarkers.category",
    "pk": 14,
    "fields": {
      "name": "Category Child 4",
      "parent": 4,
      "created_at": "2024-01-15T00:00:00Z",
      "updated_at": "2024-01-15T00:00:00Z"
    }
  },
  {
    "model": "biomarkers.category",
    "pk": 15,
    "fields": {
      "name": "Category Child 5",
      "parent": 5,
      "created_at": "2024-01-16T00:00:00Z",
      "updated_at": "2024-01-16T00:00:00Z"
    }
  },
  {
    "model": "biomarkers.category",
    "pk": 16,
    "fields": {
      "name": "Category Child 6",
      "parent": 6,
      "created_at": "2024-01-17T00:00:00Z",
      "updated_at": "2024-01-17T00:00:00Z"
    }
  },
  {
    "model": "biomarkers.category",
    "pk": 17,
    "fields": {
      "name": "Category Child 7",
      "parent": 7,
      "created_at": "2024-01-18T00:00:00Z",
      "updated_at": "2024-01-18T00:00:00Z"
    }
  },
  {
    "model": "biomarkers.category",
    "pk": 18,
    "fields": {
      "name": "Category Child 8",
      "parent": 8,
      "created_at": "2024-01-19T00:00:00Z",
      "updated_at": "2024-01-19T00:00:00Z"
    }
  },
  {
    "model": "biomarkers.category",
    "pk": 19,
    "fields": {
      "name": "Category Child 9",
      "parent": 9,
      "created_at": "2024-01-20T00:00:00Z",
      "updated_at": "2024-01-20T00:00:00Z"
    }
  },
  {
    "model": "biomarkers.category",
    "pk": 20,
    "fields": {
      "name": "Category Child 10",
      "parent": 10,
      "created_at": "2024-01-21T00:00:00Z",
      "updated_at": "2024-01-21T00:00:00Z"
    }
  },
  {
    "model": "biomarkers.category",
    "pk": 21,
    "fields": {
      "name": "Category Child 11",
      "parent": 1,
      "created_at": "2024-01-22T00:00:00Z",
      "updated_at": "2024-01-22T00:00:00Z"
    }
  },
  {
    "model": "biomarkers.category",
    "pk": 22,
    "fields": {
      "name": "Category Child 12",
      "parent": 2,
      "created_at": "2024-01-23T00:00:00Z",
      "updated_at": "2024-01-23T00:00:00Z"
    }
  },
  {
    "model": "biomarkers.category",
    "pk": 23,
    "fields": {
      "name": "Category Child 13",
      "parent": 3,
      "created_at": "2024-01-24T00:00:00Z",
      "updated_at": "2024-01-24T00:00:00Z"
    }
  },
  {
    "model": "biomarkers.category",
    "pk": 24,
    "fields": {
      "name": "Category Child 14",
      "parent": 4,
      "created_at": "2024-01-25T00:00:00Z",
      "updated_at": "2024-01-25T00:00:00Z"
    }
  },
  {
    "model": "biomarkers.category",
    "pk": 25,
    "fields": {
      "name": "Category Child 15",
      "parent": 5,
      "created_at": "2024-01-26T00:00:00Z",
      "updated_at": "2024-01-26T00:00:00Z"
    }
  },
  {
    "model": "biomarkers.category",
    "pk": 26,
    "fields": {
      "name": "Category Child 16",
      "parent": 6,
      "created_at": "2024-01-27T00:00:00Z",
      "updated_at": "2024-01-27T00:00:00Z"
    }
  },
  {
    "model": "biomarkers.category",
    "pk": 27,
    "fields": {
      "name": "Category Child 17",
      "parent": 7,
      "created_at": "2024-01-28T00:00:00Z",
      "updated_at": "2024-01-28T00:00:00Z"
    }
  },
  {
    "model": "biomarkers.category",
    "pk": 28,
    "fields": {
      "name": "Category Child 18",
      "parent": 8,
      "created_at": "2024-01-29T00:00:00Z",
      "updated_at": "2024-01-29T00:00:00Z"
    }
  },
  {
    "model": "biomarkers.category",
    "pk": 29,
    "fields": {
      "name": "Category Child 19",
      "parent": 9,
      "created_at": "2024-01-30T00:00:00Z",
      "updated_at": "2024-01-30T00:00:00Z"
    }
  },
  {
    "model": "biomarkers.category",
    "pk": 30,
    "fields": {
      "name": "Category Child 20",
      "parent": 10,
      "created_at": "2024-01-31T00:00:00Z",
      "updated_at": "2024-01-31T00:00:00Z"
    }
  },
  {
    "model": "biomarkers.tag",
    "pk": 1,
    "fields": {
      "name": "tag01",
      "created_at": "2024-01-02T00:00:00Z",
      "updated_at": "2024-01-02T00:00:00Z"
    }
  },
  {
    "model": "biomarkers.tag",
    "pk": 2,
    "fields": {
      "name": "tag02",
      "created_at": "2024-01-03T00:00:00Z",
      "updated_at": "2024-01-03T00:00:00Z"
    }
  },
  {
    "model": "biomarkers.tag",
    "pk": 3,
    "fields": {
      "name": "tag03",
      "created_at": "2024-01-04T00:00:00Z",
      "updated_at": "2024-01-04T00:00:00Z"
    }
  },
  {
    "model": "biomarkers.tag",
    "pk": 4,
    "fields": {
      "name": "tag04",
      "created_at": "2024-01-05T00:00:00Z",
      "updated_at": "2024-01-05T00:00:00Z"
    }
  },
  {
    "model": "biomarkers.tag",
    "pk": 5,
    "fields": {
      "name": "tag05",
      "created_at": "2024-01-06T00:00:00Z",
      "updated_at": "2024-01-06T00:00:00Z"
    }
  },
  {
    "model": "biomarkers.tag",
    "pk": 6,
    "fields": {
      "name": "tag06",
      "created_at": "2024-01-07T00:00:00Z",
      "updated_at": "2024-01-07T00:00:00Z"
    }
  },
  {
    "model": "biomarkers.tag",
    "pk": 7,
    "fields": {
      "name": "tag07",
      "created_at": "2024-01-08T00:00:00Z",
      "updated_at": "2024-01-08T00:00:00Z"
    }
  },
  {
    "model": "biomarkers.tag",
    "pk": 8,
    "fields": {
      "name": "tag08",
      "created_at": "2024-01-09T00:00:00Z",
      "updated_at": "2024-01-09T00:00:00Z"
    }
  },
  {
    "model": "biomarkers.tag",
    "pk": 9,
    "fields": {
      "name": "tag09",
      "created_at": "2024-01-10T00:00:00Z",
      "updated_at": "2024-01-10T00:00:00Z"
    }
  },
  {
    "model": "biomarkers.tag",
    "pk": 10,
    "fields": {
      "name": "tag10",
      "created_at": "2024-01-11T00:00:00Z",
      "updated_at": "2024-01-11T00:00:00Z"
    }
  },
  {
    "model": "biomarkers.tag",
    "pk": 11,
    "fields": {
      "name": "tag11",
      "created_at": "2024-01-12T00:00:00Z",
      "updated_at": "2024-01-12T00:00:00Z"
    }
  },
  {
    "model": "biomarkers.tag",
    "pk": 12,
    "fields": {
      "name": "tag12",
      "created_at": "2024-01-13T00:00:00Z",
      "updated_at": "2024-01-13T00:00:00Z"
    }
  },
  {
    "model": "biomarkers.tag",
    "pk": 13,
    "fields": {
      "name": "tag13",
      "created_at": "2024-01-14T00:00:00Z",
      "updated_at": "2024-01-14T00:00:00Z"
    }
  },
  {
    "model": "biomarkers.tag",
    "pk": 14,
    "fields": {
      "name": "tag14",
      "created_at": "2024-01-15T00:00:00Z",
      "updated_at": "2024-01-15T00:00:00Z"
    }
  },
  {
    "model": "biomarkers.tag",
    "pk": 15,
    "fields": {
      "name": "tag15",
      "created_at": "2024-01-16T00:00:00Z",
      "updated_at": "2024-01-16T00:00:00Z"
    }
  },
  {
    "model": "biomarkers.tag",
    "pk": 16,
    "fields": {
      "name": "tag16",
      "created_at": "2024-01-17T00:00:00Z",
      "updated_at": "2024-01-17T00:00:00Z"
    }
  },
  {
    "model": "biomarkers.tag",
    "pk": 17,
    "fields": {
      "name": "tag17",
      "created_at": "2024-01-18T00:00:00Z",
      "updated_at": "2024-01-18T00:00:00Z"
    }
  },
  {
    "model": "biomarkers.tag",
    "pk": 18,
    "fields": {
      "name": "tag18",
      "created_at": "2024-01-19T00:00:00Z",
      "updated_at": "2024-01-19T00:00:00Z"
    }
  },
  {
    "model": "biomarkers.tag",
    "pk": 19,
    "fields": {
      "name": "tag19",
      "created_at": "2024-01-20T00:00:00Z",
      "updated_at": "2024-01-20T00:00:00Z"
    }
  },
  {
    "model": "biomarkers.tag",
    "pk": 20,
    "fields": {
      "name": "tag20",
      "created_at": "2024-01-21T00:00:00Z",
      "updated_at": "2024-01-21T00:00:00Z"
    }
  },
  {
    "model": "biomarkers.tag",
    "pk": 21,
    "fields": {
      "name": "tag21",
      "created_at": "2024-01-22T00:00:00Z",
      "updated_at": "2024-01-22T00:00:00Z"
    }
  },
  {
    "model": "biomarkers.tag",
    "pk": 22,
    "fields": {
      "name": "tag22",
      "created_at": "2024-01-23T00:00:00Z",
      "updated_at": "2024-01-23T00:00:00Z"
    }
  },
  {
    "model": "biomarkers.tag",
    "pk": 23,
    "fields": {
      "name": "tag23",
      "created_at": "2024-01-24T00:00:00Z",
      "updated_at": "2024-01-24T00:00:00Z"
    }
  },
  {
    "model": "biomarkers.tag",
    "pk": 24,
    "fields": {
      "name": "tag24",
      "created_at": "2024-01-25T00:00:00Z",
      "updated_at": "2024-01-25T00:00:00Z"
    }
  },
  {
    "model": "biomarkers.tag",
    "pk": 25,
    "fields": {
      "name": "tag25",
      "created_at": "2024-01-26T00:00:00Z",
      "updated_at": "2024-01-26T00:00:00Z"
    }
  },
  {
    "model": "biomarkers.tag",
    "pk": 26,
    "fields": {
      "name": "tag26",
      "created_at": "2024-01-27T00:00:00Z",
      "updated_at": "2024-01-27T00:00:00Z"
    }
  },
  {
    "model": "biomarkers.tag",
    "pk": 27,
    "fields": {
      "name": "tag27",
      "created_at": "2024-01-28T00:00:00Z",
      "updated_at": "2024-01-28T00:00:00Z"
    }
  },
  {
    "model": "biomarkers.tag",
    "pk": 28,
    "fields": {
      "name": "tag28",
      "created_at": "2024-01-29T00:00:00Z",
      "updated_at": "2024-01-29T00:00:00Z"
    }
  },
  {
    "model": "biomarkers.tag",
    "pk": 29,
    "fields": {
      "name": "tag29",
      "created_at": "2024-01-30T00:00:00Z",
      "updated_at": "2024-01-30T00:00:00Z"
    }
  },
  {
    "model": "biomarkers.tag",
    "pk": 30,
    "fields": {
      "name": "tag30",
      "created_at": "2024-01-31T00:00:00Z",
      "updated_at": "2024-01-31T00:00:00Z"
    }
  },
  {
    "model": "biomarkers.author",
    "pk": 1,
    "fields": {
      "first_name": "Author1",
      "last_name": "Lastname1",
      "created_at": "2024-01-02T00:00:00Z",
      "updated_at": "2024-01-02T00:00:00Z"
    }
  },
  {
    "model": "biomarkers.author",
    "pk": 2,
    "fields": {
      "first_name": "Author2",
      "last_name": "Lastname2",
      "created_at": "2024-01-03T00:00:00Z",
      "updated_at": "2024-01-03T00:00:00Z"
    }
  },
  {
    "model": "biomarkers.author",
    "pk": 3,
    "fields": {
      "first_name": "Author3",
      "last_name": "Lastname3",
      "created_at": "2024-01-04T00:00:00Z",
      "updated_at": "2024-01-04T00:00:00Z"
    }
  },
  {
    "model": "biomarkers.author",
    "pk": 4,
    "fields": {
      "first_name": "Author4",
      "last_name": "Lastname4",
      "created_at": "2024-01-05T00:00:00Z",
      "updated_at": "2024-01-05T00:00:00Z"
    }
  },
  {
    "model": "biomarkers.author",
    "pk": 5,
    "fields": {
      "first_name": "Author5",
      "last_name": "Lastname5",
      "created_at": "2024-01-06T00:00:00Z",
      "updated_at": "2024-01-06T00:00:00Z"
    }
  },
  {
    "model": "biomarkers.author",
    "pk": 6,
    "fields": {
      "first_name": "Author6",
      "last_name": "Lastname6",
      "created_at": "2024-01-07T00:00:00Z",
      "updated_at": "2024-01-07T00:00:00Z"
    }
  },
  {
    "model": "biomarkers.author",
    "pk": 7,
    "fields": {
      "first_name": "Author7",
      "last_name": "Lastname7",
      "created_at": "2024-01-08T00:00:00Z",
      "updated_at": "2024-01-08T00:00:00Z"
    }
  },
  {
    "model": "biomarkers.author",
    "pk": 8,
    "fields": {
      "first_name": "Author8",
      "last_name": "Lastname8",
      "created_at": "2024-01-09T00:00:00Z",
      "updated_at": "2024-01-09T00:00:00Z"
    }
  },
  {
    "model": "biomarkers.author",
    "pk": 9,
    "fields": {
      "first_name": "Author9",
      "last_name": "Lastname9",
      "created_at": "2024-01-10T00:00:00Z",
      "updated_at": "2024-01-10T00:00:00Z"
    }
  },
  {
    "model": "biomarkers.author",
    "pk": 10,
    "fields": {
      "first_name": "Author10",
      "last_name": "Lastname10",
      "created_at": "2024-01-11T00:00:00Z",
      "updated_at": "2024-01-11T00:00:00Z"
    }
  },
  {
    "model": "biomarkers.author",
    "pk": 11,
    "fields": {
      "first_name": "Author11",
      "last_name": "Lastname11",
      "created_at": "2024-01-12T00:00:00Z",
      "updated_at": "2024-01-12T00:00:00Z"
    }
  },
  {
    "model": "biomarkers.author",
    "pk": 12,
    "fields": {
      "first_name": "Author12",
      "last_name": "Lastname12",
      "created_at": "2024-01-13T00:00:00Z",
      "updated_at": "2024-01-13T00:00:00Z"
    }
  },
  {
    "model": "biomarkers.author",
    "pk": 13,
    "fields": {
      "first_name": "Author13",
      "last_name": "Lastname13",
      "created_at": "2024-01-14T00:00:00Z",
      "updated_at": "2024-01-14T00:00:00Z"
    }
  },
  {
    "model": "biomarkers.author",
    "pk": 14,
    "fields": {
      "first_name": "Author14",
      "last_name": "Lastname14",
      "created_at": "2024-01-15T00:00:00Z",
      "updated_at": "2024-01-15T00:00:00Z"
    }
  },
  {
    "model": "biomarkers.author",
    "pk": 15,
    "fields": {
      "first_name": "Author15",
      "last_name": "Lastname15",
      "created_at": "2024-01-16T00:00:00Z",
      "updated_at": "2024-01-16T00:00:00Z"
    }
  },
  {
    "model": "biomarkers.author",
    "pk": 16,
    "fields": {
      "first_name": "Author16",
      "last_name": "Lastname16",
      "created_at": "2024-01-17T00:00:00Z",
      "updated_at": "2024-01-17T00:00:00Z"
    }
  },
  {
    "model": "biomarkers.author",
    "pk": 17,
    "fields": {
      "first_name": "Author17",
      "last_name": "Lastname17",
      "created_at": "2024-01-18T00:00:00Z",
      "updated_at": "2024-01-18T00:00:00Z"
    }
  },
  {
    "model": "biomarkers.author",
    "pk": 18,
    "fields": {
      "first_name": "Author18",
      "last_name": "Lastname18",
      "created_at": "2024-01-19T00:00:00Z",
      "updated_at": "2024-01-19T00:00:00Z"
    }
  },
  {
    "model": "biomarkers.author",
    "pk": 19,
    "fields": {
      "first_name": "Author19",
      "last_name": "Lastname19",
      "created_at": "2024-01-20T00:00:00Z",
      "updated_at": "2024-01-20T00:00:00Z"
    }
  },
  {
    "model": "biomarkers.author",
    "pk": 20,
    "fields": {
      "first_name": "Author20",
      "last_name": "Lastname20",
      "created_at": "2024-01-21T00:00:00Z",
      "updated_at": "2024-01-21T00:00:00Z"
    }
  },
  {
    "model": "biomarkers.author",
    "pk": 21,
    "fields": {
      "first_name": "Author21",
      "last_name": "Lastname21",
      "created_at": "2024-01-22T00:00:00Z",
      "updated_at": "2024-01-22T00:00:00Z"
    }
  },
  {
    "model": "biomarkers.author",
    "pk": 22,
    "fields": {
      "first_name": "Author22",
      "last_name": "Lastname22",
      "created_at": "2024-01-23T00:00:00Z",
      "updated_at": "2024-01-23T00:00:00Z"
    }
  },
  {
    "model": "biomarkers.author",
    "pk": 23,
    "fields": {
      "first_name": "Author23",
      "last_name": "Lastname23",
      "created_at": "2024-01-24T00:00:00Z",
      "updated_at": "2024-01-24T00:00:00Z"
    }
  },
  {
    "model": "biomarkers.author",
    "pk": 24,
    "fields": {
      "first_name": "Author24",
      "last_name": "Lastname24",
      "created_at": "2024-01-25T00:00:00Z",
      "updated_at": "2024-01-25T00:00:00Z"
    }
  },
  {
    "model": "biomarkers.author",
    "pk": 25,
    "fields": {
      "first_name": "Author25",
      "last_name": "Lastname25",
      "created_at": "2024-01-26T00:00:00Z",
      "updated_at": "2024-01-26T00:00:00Z"
    }
  },
  {
    "model": "biomarkers.author",
    "pk": 26,
    "fields": {
      "first_name": "Author26",
      "last_name": "Lastname26",
      "created_at": "2024-01-27T00:00:00Z",
      "updated_at": "2024-01-27T00:00:00Z"
    }
  },
  {
    "model": "biomarkers.author",
    "pk": 27,
    "fields": {
      "first_name": "Author27",
      "last_name": "Lastname27",
      "created_at": "2024-01-28T00:00:00Z",
      "updated_at": "2024-01-28T00:00:00Z"
    }
  },
  {
    "model": "biomarkers.author",
    "pk": 28,
    "fields": {
      "first_name": "Author28",
      "last_name": "Lastname28",
      "created_at": "2024-01-29T00:00:00Z",
      "updated_at": "2024-01-29T00:00:00Z"
    }
  },
  {
    "model": "biomarkers.author",
    "pk": 29,
    "fields": {
      "first_name": "Author29",
      "last_name": "Lastname29",
      "created_at": "2024-01-30T00:00:00Z",
      "updated_at": "2024-01-30T00:00:00Z"
    }
  },
  {
    "model": "biomarkers.author",
    "pk": 30,
    "fields": {
      "first_name": "Author30",
      "last_name": "Lastname30",
      "created_at": "2024-01-31T00:00:00Z",
      "updated_at": "2024-01-31T00:00:00Z"
    }
  },
  {
    "model": "biomarkers.biomarker",
    "pk": 1,
    "fields": {
      "code": "BM001",
      "name": "Biomarker 1",
      "assay_type": "DNA",
      "attributes": {
        "rank": 1,
        "note": "auto 1"
      },
      "created_at": "2024-01-02T00:00:00Z",
      "updated_at": "2024-01-02T00:00:00Z"
    }
  },
  {
    "model": "biomarkers.biomarker",
    "pk": 2,
    "fields": {
      "code": "BM002",
      "name": "Biomarker 2",
      "assay_type": "Protein",
      "attributes": {
        "rank": 2,
        "note": "auto 2"
      },
      "created_at": "2024-01-03T00:00:00Z",
      "updated_at": "2024-01-03T00:00:00Z"
    }
  },
  {
    "model": "biomarkers.biomarker",
    "pk": 3,
    "fields": {
      "code": "BM003",
      "name": "Biomarker 3",
      "assay_type": "RNA",
      "attributes": {
        "rank": 3,
        "note": "auto 3"
      },
      "created_at": "2024-01-04T00:00:00Z",
      "updated_at": "2024-01-04T00:00:00Z"
    }
  },
  {
    "model": "biomarkers.biomarker",
    "pk": 4,
    "fields": {
      "code": "BM004",
      "name": "Biomarker 4",
      "assay_type": "DNA",
      "attributes": {
        "rank": 4,
        "note": "auto 4"
      },
      "created_at": "2024-01-05T00:00:00Z",
      "updated_at": "2024-01-05T00:00:00Z"
    }
  },
  {
    "model": "biomarkers.biomarker",
    "pk": 5,
    "fields": {
      "code": "BM005",
      "name": "Biomarker 5",
      "assay_type": "Protein",
      "attributes": {
        "rank": 5,
        "note": "auto 5"
      },
      "created_at": "2024-01-06T00:00:00Z",
      "updated_at": "2024-01-06T00:00:00Z"
    }
  },
  {
    "model": "biomarkers.biomarker",
    "pk": 6,
    "fields": {
      "code": "BM006",
      "name": "Biomarker 6",
      "assay_type": "RNA",
      "attributes": {
        "rank": 6,
        "note": "auto 6"
      },
      "created_at": "2024-01-07T00:00:00Z",
      "updated_at": "2024-01-07T00:00:00Z"
    }
  },
  {
    "model": "biomarkers.biomarker",
    "pk": 7,
    "fields": {
      "code": "BM007",
      "name": "Biomarker 7",
      "assay_type": "DNA",
      "attributes": {
        "rank": 7,
        "note": "auto 7"
      },
      "created_at": "2024-01-08T00:00:00Z",
      "updated_at": "2024-01-08T00:00:00Z"
    }
  },
  {
    "model": "biomarkers.biomarker",
    "pk": 8,
    "fields": {
      "code": "BM008",
      "name": "Biomarker 8",
      "assay_type": "Protein",
      "attributes": {
        "rank": 8,
        "note": "auto 8"
      },
      "created_at": "2024-01-09T00:00:00Z",
      "updated_at": "2024-01-09T00:00:00Z"
    }
  },
  {
    "model": "biomarkers.biomarker",
    "pk": 9,
    "fields": {
      "code": "BM009",
      "name": "Biomarker 9",
      "assay_type": "RNA",
      "attributes": {
        "rank": 9,
        "note": "auto 9"
      },
      "created_at": "2024-01-10T00:00:00Z",
      "updated_at": "2024-01-10T00:00:00Z"
    }
  },
  {
    "model": "biomarkers.biomarker",
    "pk": 10,
    "fields": {
      "code": "BM010",
      "name": "Biomarker 10",
      "assay_type": "DNA",
      "attributes": {
        "rank": 10,
        "note": "auto 10"
      },
      "created_at": "2024-01-11T00:00:00Z",
      "updated_at": "2024-01-11T00:00:00Z"
    }
  },
  {
    "model": "biomarkers.biomarker",
    "pk": 11,
    "fields": {
      "code": "BM011",
      "name": "Biomarker 11",
      "assay_type": "Protein",
      "attributes": {
        "rank": 11,
        "note": "auto 11"
      },
      "created_at": "2024-01-12T00:00:00Z",
      "updated_at": "2024-01-12T00:00:00Z"
    }
  },
  {
    "model": "biomarkers.biomarker",
    "pk": 12,
    "fields": {
      "code": "BM012",
      "name": "Biomarker 12",
      "assay_type": "RNA",
      "attributes": {
        "rank": 12,
        "note": "auto 12"
      },
      "created_at": "2024-01-13T00:00:00Z",
      "updated_at": "2024-01-13T00:00:00Z"
    }
  },
  {
    "model": "biomarkers.biomarker",
    "pk": 13,
    "fields": {
      "code": "BM013",
      "name": "Biomarker 13",
      "assay_type": "DNA",
      "attributes": {
        "rank": 13,
        "note": "auto 13"
      },
      "created_at": "2024-01-14T00:00:00Z",
      "updated_at": "2024-01-14T00:00:00Z"
    }
  },
  {
    "model": "biomarkers.biomarker",
    "pk": 14,
    "fields": {
      "code": "BM014",
      "name": "Biomarker 14",
      "assay_type": "Protein",
      "attributes": {
        "rank": 14,
        "note": "auto 14"
      },
      "created_at": "2024-01-15T00:00:00Z",
      "updated_at": "2024-01-15T00:00:00Z"
    }
  },
  {
    "model": "biomarkers.biomarker",
    "pk": 15,
    "fields": {
      "code": "BM015",
      "name": "Biomarker 15",
      "assay_type": "RNA",
      "attributes": {
        "rank": 15,
        "note": "auto 15"
      },
      "created_at": "2024-01-16T00:00:00Z",
      "updated_at": "2024-01-16T00:00:00Z"
    }
  },
  {
    "model": "biomarkers.biomarker",
    "pk": 16,
    "fields": {
      "code": "BM016",
      "name": "Biomarker 16",
      "assay_type": "DNA",
      "attributes": {
        "rank": 16,
        "note": "auto 16"
      },
      "created_at": "2024-01-17T00:00:00Z",
      "updated_at": "2024-01-17T00:00:00Z"
    }
  },
  {
    "model": "biomarkers.biomarker",
    "pk": 17,
    "fields": {
      "code": "BM017",
      "name": "Biomarker 17",
      "assay_type": "Protein",
      "attributes": {
        "rank": 17,
        "note": "auto 17"
      },
      "created_at": "2024-01-18T00:00:00Z",
      "updated_at": "2024-01-18T00:00:00Z"
    }
  },
  {
    "model": "biomarkers.biomarker",
    "pk": 18,
    "fields": {
      "code": "BM018",
      "name": "Biomarker 18",
      "assay_type": "RNA",
      "attributes": {
        "rank": 18,
        "note": "auto 18"
      },
      "created_at": "2024-01-19T00:00:00Z",
      "updated_at": "2024-01-19T00:00:00Z"
    }
  },
  {
    "model": "biomarkers.biomarker",
    "pk": 19,
    "fields": {
      "code": "BM019",
      "name": "Biomarker 19",
      "assay_type": "DNA",
      "attributes": {
        "rank": 19,
        "note": "auto 19"
      },
      "created_at": "2024-01-20T00:00:00Z",
      "updated_at": "2024-01-20T00:00:00Z"
    }
  },
  {
    "model": "biomarkers.biomarker",
    "pk": 20,
    "fields": {
      "code": "BM020",
      "name": "Biomarker 20",
      "assay_type": "Protein",
      "attributes": {
        "rank": 20,
        "note": "auto 20"
      },
      "created_at": "2024-01-21T00:00:00Z",
      "updated_at": "2024-01-21T00:00:00Z"
    }
  },
  {
    "model": "biomarkers.biomarker",
    "pk": 21,
    "fields": {
      "code": "BM021",
      "name": "Biomarker 21",
      "assay_type": "RNA",
      "attributes": {
        "rank": 21,
        "note": "auto 21"
      },
      "created_at": "2024-01-22T00:00:00Z",
      "updated_at": "2024-01-22T00:00:00Z"
    }
  },
  {
    "model": "biomarkers.biomarker",
    "pk": 22,
    "fields": {
      "code": "BM022",
      "name": "Biomarker 22",
      "assay_type": "DNA",
      "attributes": {
        "rank": 22,
        "note": "auto 22"
      },
      "created_at": "2024-01-23T00:00:00Z",
      "updated_at": "2024-01-23T00:00:00Z"
    }
  },
  {
    "model": "biomarkers.biomarker",
    "pk": 23,
    "fields": {
      "code": "BM023",
      "name": "Biomarker 23",
      "assay_type": "Protein",
      "attributes": {
        "rank": 23,
        "note": "auto 23"
      },
      "created_at": "2024-01-24T00:00:00Z",
      "updated_at": "2024-01-24T00:00:00Z"
    }
  },
  {
    "model": "biomarkers.biomarker",
    "pk": 24,
    "fields": {
      "code": "BM024",
      "name": "Biomarker 24",
      "assay_type": "RNA",
      "attributes": {
        "rank": 24,
        "note": "auto 24"
      },
      "created_at": "2024-01-25T00:00:00Z",
      "updated_at": "2024-01-25T00:00:00Z"
    }
  },
  {
    "model": "biomarkers.biomarker",
    "pk": 25,
    "fields": {
      "code": "BM025",
      "name": "Biomarker 25",
      "assay_type": "DNA",
      "attributes": {
        "rank": 25,
        "note": "auto 25"
      },
      "created_at": "2024-01-26T00:00:00Z",
      "updated_at": "2024-01-26T00:00:00Z"
    }
  },
  {
    "model": "biomarkers.biomarker",
    "pk": 26,
    "fields": {
      "code": "BM026",
      "name": "Biomarker 26",
      "assay_type": "Protein",
      "attributes": {
        "rank": 26,
        "note": "auto 26"
      },
      "created_at": "2024-01-27T00:00:00Z",
      "updated_at": "2024-01-27T00:00:00Z"
    }
  },
  {
    "model": "biomarkers.biomarker",
    "pk": 27,
    "fields": {
      "code": "BM027",
      "name": "Biomarker 27",
      "assay_type": "RNA",
      "attributes": {
        "rank": 27,
        "note": "auto 27"
      },
      "created_at": "2024-01-28T00:00:00Z",
      "updated_at": "2024-01-28T00:00:00Z"
    }
  },
  {
    "model": "biomarkers.biomarker",
    "pk": 28,
    "fields": {
      "code": "BM028",
      "name": "Biomarker 28",
      "assay_type": "DNA",
      "attributes": {
        "rank": 28,
        "note": "auto 28"
      },
      "created_at": "2024-01-29T00:00:00Z",
      "updated_at": "2024-01-29T00:00:00Z"
    }
  },
  {
    "model": "biomarkers.biomarker",
    "pk": 29,
    "fields": {
      "code": "BM029",
      "name": "Biomarker 29",
      "assay_type": "Protein",
      "attributes": {
        "rank": 29,
        "note": "auto 29"
      },
      "created_at": "2024-01-30T00:00:00Z",
      "updated_at": "2024-01-30T00:00:00Z"
    }
  },
  {
    "model": "biomarkers.biomarker",
    "pk": 30,
    "fields": {
      "code": "BM030",
      "name": "Biomarker 30",
      "assay_type": "RNA",
      "attributes": {
        "rank": 30,
        "note": "auto 30"
      },
      "created_at": "2024-01-31T00:00:00Z",
      "updated_at": "2024-01-31T00:00:00Z"
    }
  },
  {
    "model": "biomarkers.book",
    "pk": 1,
    "fields": {
      "title": "Book 01",
      "publisher": 1,
      "published_on": "2024-01-16",
      "isbn": "978-BOOK-0001",
      "categories": [
        1,
        2,
        3
      ],
      "tags": [
        6,
        7,
        8
      ],
      "created_at": "2024-01-02T00:00:00Z",
      "updated_at": "2024-01-02T00:00:00Z"
    }
  },
  {
    "model": "biomarkers.book",
    "pk": 2,
    "fields": {
      "title": "Book 02",
      "publisher": 2,
      "published_on": "2024-01-31",
      "isbn": "978-BOOK-0002",
      "categories": [
        2,
        3,
        4
      ],
      "tags": [
        7,
        8,
        9
      ],
      "created_at": "2024-01-03T00:00:00Z",
      "updated_at": "2024-01-03T00:00:00Z"
    }
  },
  {
    "model": "biomarkers.book",
    "pk": 3,
    "fields": {
      "title": "Book 03",
      "publisher": 3,
      "published_on": "2024-02-15",
      "isbn": "978-BOOK-0003",
      "categories": [
        3,
        4,
        5
      ],
      "tags": [
        8,
        9,
        10
      ],
      "created_at": "2024-01-04T00:00:00Z",
      "updated_at": "2024-01-04T00:00:00Z"
    }
  },
  {
    "model": "biomarkers.book",
    "pk": 4,
    "fields": {
      "title": "Book 04",
      "publisher": 4,
      "published_on": "2024-03-01",
      "isbn": "978-BOOK-0004",
      "categories": [
        4,
        5,
        6
      ],
      "tags": [
        9,
        10,
        11
      ],
      "created_at": "2024-01-05T00:00:00Z",
      "updated_at": "2024-01-05T00:00:00Z"
    }
  },
  {
    "model": "biomarkers.book",
    "pk": 5,
    "fields": {
      "title": "Book 05",
      "publisher": 5,
      "published_on": "2024-03-16",
      "isbn": "978-BOOK-0005",
      "categories": [
        5,
        6,
        7
      ],
      "tags": [
        10,
        11,
        12
      ],
      "created_at": "2024-01-06T00:00:00Z",
      "updated_at": "2024-01-06T00:00:00Z"
    }
  },
  {
    "model": "biomarkers.book",
    "pk": 6,
    "fields": {
      "title": "Book 06",
      "publisher": 6,
      "published_on": "2024-03-31",
      "isbn": "978-BOOK-0006",
      "categories": [
        6,
        7,
        8
      ],
      "tags": [
        11,
        12,
        13
      ],
      "created_at": "2024-01-07T00:00:00Z",
      "updated_at": "2024-01-07T00:00:00Z"
    }
  },
  {
    "model": "biomarkers.book",
    "pk": 7,
    "fields": {
      "title": "Book 07",
      "publisher": 7,
      "published_on": "2024-04-15",
      "isbn": "978-BOOK-0007",
      "categories": [
        7,
        8,
        9
      ],
      "tags": [
        12,
        13,
        14
      ],
      "created_at": "2024-01-08T00:00:00Z",
      "updated_at": "2024-01-08T00:00:00Z"
    }
  },
  {
    "model": "biomarkers.book",
    "pk": 8,
    "fields": {
      "title": "Book 08",
      "publisher": 8,
      "published_on": "2024-04-30",
      "isbn": "978-BOOK-0008",
      "categories": [
        8,
        9,
        10
      ],
      "tags": [
        13,
        14,
        15
      ],
      "created_at": "2024-01-09T00:00:00Z",
      "updated_at": "2024-01-09T00:00:00Z"
    }
  },
  {
    "model": "biomarkers.book",
    "pk": 9,
    "fields": {
      "title": "Book 09",
      "publisher": 9,
      "published_on": "2024-05-15",
      "isbn": "978-BOOK-0009",
      "categories": [
        9,
        10,
        11
      ],
      "tags": [
        14,
        15,
        16
      ],
      "created_at": "2024-01-10T00:00:00Z",
      "updated_at": "2024-01-10T00:00:00Z"
    }
  },
  {
    "model": "biomarkers.book",
    "pk": 10,
    "fields": {
      "title": "Book 10",
      "publisher": 10,
      "published_on": "2024-05-30",
      "isbn": "978-BOOK-0010",
      "categories": [
        10,
        11,
        12
      ],
      "tags": [
        15,
        16,
        17
      ],
      "created_at": "2024-01-11T00:00:00Z",
      "updated_at": "2024-01-11T00:00:00Z"
    }
  },
  {
    "model": "biomarkers.book",
    "pk": 11,
    "fields": {
      "title": "Book 11",
      "publisher": 11,
      "published_on": "2024-06-14",
      "isbn": "978-BOOK-0011",
      "categories": [
        11,
        12,
        13
      ],
      "tags": [
        16,
        17,
        18
      ],
      "created_at": "2024-01-12T00:00:00Z",
      "updated_at": "2024-01-12T00:00:00Z"
    }
  },
  {
    "model": "biomarkers.book",
    "pk": 12,
    "fields": {
      "title": "Book 12",
      "publisher": 12,
      "published_on": "2024-06-29",
      "isbn": "978-BOOK-0012",
      "categories": [
        12,
        13,
        14
      ],
      "tags": [
        17,
        18,
        19
      ],
      "created_at": "2024-01-13T00:00:00Z",
      "updated_at": "2024-01-13T00:00:00Z"
    }
  },
  {
    "model": "biomarkers.book",
    "pk": 13,
    "fields": {
      "title": "Book 13",
      "publisher": 13,
      "published_on": "2024-07-14",
      "isbn": "978-BOOK-0013",
      "categories": [
        13,
        14,
        15
      ],
      "tags": [
        18,
        19,
        20
      ],
      "created_at": "2024-01-14T00:00:00Z",
      "updated_at": "2024-01-14T00:00:00Z"
    }
  },
  {
    "model": "biomarkers.book",
    "pk": 14,
    "fields": {
      "title": "Book 14",
      "publisher": 14,
      "published_on": "2024-07-29",
      "isbn": "978-BOOK-0014",
      "categories": [
        14,
        15,
        16
      ],
      "tags": [
        19,
        20,
        21
      ],
      "created_at": "2024-01-15T00:00:00Z",
      "updated_at": "2024-01-15T00:00:00Z"
    }
  },
  {
    "model": "biomarkers.book",
    "pk": 15,
    "fields": {
      "title": "Book 15",
      "publisher": 15,
      "published_on": "2024-08-13",
      "isbn": "978-BOOK-0015",
      "categories": [
        15,
        16,
        17
      ],
      "tags": [
        20,
        21,
        22
      ],
      "created_at": "2024-01-16T00:00:00Z",
      "updated_at": "2024-01-16T00:00:00Z"
    }
  },
  {
    "model": "biomarkers.book",
    "pk": 16,
    "fields": {
      "title": "Book 16",
      "publisher": 16,
      "published_on": "2024-08-28",
      "isbn": "978-BOOK-0016",
      "categories": [
        16,
        17,
        18
      ],
      "tags": [
        21,
        22,
        23
      ],
      "created_at": "2024-01-17T00:00:00Z",
      "updated_at": "2024-01-17T00:00:00Z"
    }
  },
  {
    "model": "biomarkers.book",
    "pk": 17,
    "fields": {
      "title": "Book 17",
      "publisher": 17,
      "published_on": "2024-09-12",
      "isbn": "978-BOOK-0017",
      "categories": [
        17,
        18,
        19
      ],
      "tags": [
        22,
        23,
        24
      ],
      "created_at": "2024-01-18T00:00:00Z",
      "updated_at": "2024-01-18T00:00:00Z"
    }
  },
  {
    "model": "biomarkers.book",
    "pk": 18,
    "fields": {
      "title": "Book 18",
      "publisher": 18,
      "published_on": "2024-09-27",
      "isbn": "978-BOOK-0018",
      "categories": [
        18,
        19,
        20
      ],
      "tags": [
        23,
        24,
        25
      ],
      "created_at": "2024-01-19T00:00:00Z",
      "updated_at": "2024-01-19T00:00:00Z"
    }
  },
  {
    "model": "biomarkers.book",
    "pk": 19,
    "fields": {
      "title": "Book 19",
      "publisher": 19,
      "published_on": "2024-10-12",
      "isbn": "978-BOOK-0019",
      "categories": [
        19,
        20,
        21
      ],
      "tags": [
        24,
        25,
        26
      ],
      "created_at": "2024-01-20T00:00:00Z",
      "updated_at": "2024-01-20T00:00:00Z"
    }
  },
  {
    "model": "biomarkers.book",
    "pk": 20,
    "fields": {
      "title": "Book 20",
      "publisher": 20,
      "published_on": "2024-10-27",
      "isbn": "978-BOOK-0020",
      "categories": [
        20,
        21,
        22
      ],
      "tags": [
        25,
        26,
        27
      ],
      "created_at": "2024-01-21T00:00:00Z",
      "updated_at": "2024-01-21T00:00:00Z"
    }
  },
  {
    "model": "biomarkers.book",
    "pk": 21,
    "fields": {
      "title": "Book 21",
      "publisher": 21,
      "published_on": "2024-11-11",
      "isbn": "978-BOOK-0021",
      "categories": [
        21,
        22,
        23
      ],
      "tags": [
        26,
        27,
        28
      ],
      "created_at": "2024-01-22T00:00:00Z",
      "updated_at": "2024-01-22T00:00:00Z"
    }
  },
  {
    "model": "biomarkers.book",
    "pk": 22,
    "fields": {
      "title": "Book 22",
      "publisher": 22,
      "published_on": "2024-11-26",
      "isbn": "978-BOOK-0022",
      "categories": [
        22,
        23,
        24
      ],
      "tags": [
        27,
        28,
        29
      ],
      "created_at": "2024-01-23T00:00:00Z",
      "updated_at": "2024-01-23T00:00:00Z"
    }
  },
  {
    "model": "biomarkers.book",
    "pk": 23,
    "fields": {
      "title": "Book 23",
      "publisher": 23,
      "published_on": "2024-12-11",
      "isbn": "978-BOOK-0023",
      "categories": [
        23,
        24,
        25
      ],
      "tags": [
        28,
        29,
        30
      ],
      "created_at": "2024-01-24T00:00:00Z",
      "updated_at": "2024-01-24T00:00:00Z"
    }
  },
  {
    "model": "biomarkers.book",
    "pk": 24,
    "fields": {
      "title": "Book 24",
      "publisher": 24,
      "published_on": "2024-12-26",
      "isbn": "978-BOOK-0024",
      "categories": [
        24,
        25,
        26
      ],
      "tags": [
        29,
        30,
        1
      ],
      "created_at": "2024-01-25T00:00:00Z",
      "updated_at": "2024-01-25T00:00:00Z"
    }
  },
  {
    "model": "biomarkers.book",
    "pk": 25,
    "fields": {
      "title": "Book 25",
      "publisher": 25,
      "published_on": "2025-01-10",
      "isbn": "978-BOOK-0025",
      "categories": [
        25,
        26,
        27
      ],
      "tags": [
        30,
        1,
        2
      ],
      "created_at": "2024-01-26T00:00:00Z",
      "updated_at": "2024-01-26T00:00:00Z"
    }
  },
  {
    "model": "biomarkers.book",
    "pk": 26,
    "fields": {
      "title": "Book 26",
      "publisher": 26,
      "published_on": "2025-01-25",
      "isbn": "978-BOOK-0026",
      "categories": [
        26,
        27,
        28
      ],
      "tags": [
        1,
        2,
        3
      ],
      "created_at": "2024-01-27T00:00:00Z",
      "updated_at": "2024-01-27T00:00:00Z"
    }
  },
  {
    "model": "biomarkers.book",
    "pk": 27,
    "fields": {
      "title": "Book 27",
      "publisher": 27,
      "published_on": "2025-02-09",
      "isbn": "978-BOOK-0027",
      "categories": [
        27,
        28,
        29
      ],
      "tags": [
        2,
        3,
        4
      ],
      "created_at": "2024-01-28T00:00:00Z",
      "updated_at": "2024-01-28T00:00:00Z"
    }
  },
  {
    "model": "biomarkers.book",
    "pk": 28,
    "fields": {
      "title": "Book 28",
      "publisher": 28,
      "published_on": "2025-02-24",
      "isbn": "978-BOOK-0028",
      "categories": [
        28,
        29,
        30
      ],
      "tags": [
        3,
        4,
        5
      ],
      "created_at": "2024-01-29T00:00:00Z",
      "updated_at": "2024-01-29T00:00:00Z"
    }
  },
  {
    "model": "biomarkers.book",
    "pk": 29,
    "fields": {
      "title": "Book 29",
      "publisher": 29,
      "published_on": "2025-03-11",
      "isbn": "978-BOOK-0029",
      "categories": [
        29,
        30,
        1
      ],
      "tags": [
        4,
        5,
        6
      ],
      "created_at": "2024-01-30T00:00:00Z",
      "updated_at": "2024-01-30T00:00:00Z"
    }
  },
  {
    "model": "biomarkers.book",
    "pk": 30,
    "fields": {
      "title": "Book 30",
      "publisher": 30,
      "published_on": "2025-03-26",
      "isbn": "978-BOOK-0030",
      "categories": [
        30,
        1,
        2
      ],
      "tags": [
        5,
        6,
        7
      ],
      "created_at": "2024-01-31T00:00:00Z",
      "updated_at": "2024-01-31T00:00:00Z"
    }
  },
  {
    "model": "biomarkers.contribution",
    "pk": 1,
    "fields": {
      "author": 1,
      "book": 1,
      "role": "AUTHOR",
      "sort_order": 1,
      "created_at": "2024-01-02T00:00:00Z",
      "updated_at": "2024-01-02T00:00:00Z"
    }
  },
  {
    "model": "biomarkers.contribution",
    "pk": 2,
    "fields": {
      "author": 2,
      "book": 2,
      "role": "AUTHOR",
      "sort_order": 1,
      "created_at": "2024-01-03T00:00:00Z",
      "updated_at": "2024-01-03T00:00:00Z"
    }
  },
  {
    "model": "biomarkers.contribution",
    "pk": 3,
    "fields": {
      "author": 3,
      "book": 3,
      "role": "AUTHOR",
      "sort_order": 1,
      "created_at": "2024-01-04T00:00:00Z",
      "updated_at": "2024-01-04T00:00:00Z"
    }
  },
  {
    "model": "biomarkers.contribution",
    "pk": 4,
    "fields": {
      "author": 4,
      "book": 4,
      "role": "AUTHOR",
      "sort_order": 1,
      "created_at": "2024-01-05T00:00:00Z",
      "updated_at": "2024-01-05T00:00:00Z"
    }
  },
  {
    "model": "biomarkers.contribution",
    "pk": 5,
    "fields": {
      "author": 5,
      "book": 5,
      "role": "AUTHOR",
      "sort_order": 1,
      "created_at": "2024-01-06T00:00:00Z",
      "updated_at": "2024-01-06T00:00:00Z"
    }
  },
  {
    "model": "biomarkers.contribution",
    "pk": 6,
    "fields": {
      "author": 6,
      "book": 6,
      "role": "AUTHOR",
      "sort_order": 1,
      "created_at": "2024-01-07T00:00:00Z",
      "updated_at": "2024-01-07T00:00:00Z"
    }
  },
  {
    "model": "biomarkers.contribution",
    "pk": 7,
    "fields": {
      "author": 7,
      "book": 7,
      "role": "AUTHOR",
      "sort_order": 1,
      "created_at": "2024-01-08T00:00:00Z",
      "updated_at": "2024-01-08T00:00:00Z"
    }
  },
  {
    "model": "biomarkers.contribution",
    "pk": 8,
    "fields": {
      "author": 8,
      "book": 8,
      "role": "AUTHOR",
      "sort_order": 1,
      "created_at": "2024-01-09T00:00:00Z",
      "updated_at": "2024-01-09T00:00:00Z"
    }
  },
  {
    "model": "biomarkers.contribution",
    "pk": 9,
    "fields": {
      "author": 9,
      "book": 9,
      "role": "AUTHOR",
      "sort_order": 1,
      "created_at": "2024-01-10T00:00:00Z",
      "updated_at": "2024-01-10T00:00:00Z"
    }
  },
  {
    "model": "biomarkers.contribution",
    "pk": 10,
    "fields": {
      "author": 10,
      "book": 10,
      "role": "AUTHOR",
      "sort_order": 1,
      "created_at": "2024-01-11T00:00:00Z",
      "updated_at": "2024-01-11T00:00:00Z"
    }
  },
  {
    "model": "biomarkers.contribution",
    "pk": 11,
    "fields": {
      "author": 11,
      "book": 11,
      "role": "AUTHOR",
      "sort_order": 1,
      "created_at": "2024-01-12T00:00:00Z",
      "updated_at": "2024-01-12T00:00:00Z"
    }
  },
  {
    "model": "biomarkers.contribution",
    "pk": 12,
    "fields": {
      "author": 12,
      "book": 12,
      "role": "AUTHOR",
      "sort_order": 1,
      "created_at": "2024-01-13T00:00:00Z",
      "updated_at": "2024-01-13T00:00:00Z"
    }
  },
  {
    "model": "biomarkers.contribution",
    "pk": 13,
    "fields": {
      "author": 13,
      "book": 13,
      "role": "AUTHOR",
      "sort_order": 1,
      "created_at": "2024-01-14T00:00:00Z",
      "updated_at": "2024-01-14T00:00:00Z"
    }
  },
  {
    "model": "biomarkers.contribution",
    "pk": 14,
    "fields": {
      "author": 14,
      "book": 14,
      "role": "AUTHOR",
      "sort_order": 1,
      "created_at": "2024-01-15T00:00:00Z",
      "updated_at": "2024-01-15T00:00:00Z"
    }
  },
  {
    "model": "biomarkers.contribution",
    "pk": 15,
    "fields": {
      "author": 15,
      "book": 15,
      "role": "AUTHOR",
      "sort_order": 1,
      "created_at": "2024-01-16T00:00:00Z",
      "updated_at": "2024-01-16T00:00:00Z"
    }
  },
  {
    "model": "biomarkers.contribution",
    "pk": 16,
    "fields": {
      "author": 16,
      "book": 16,
      "role": "AUTHOR",
      "sort_order": 1,
      "created_at": "2024-01-17T00:00:00Z",
      "updated_at": "2024-01-17T00:00:00Z"
    }
  },
  {
    "model": "biomarkers.contribution",
    "pk": 17,
    "fields": {
      "author": 17,
      "book": 17,
      "role": "AUTHOR",
      "sort_order": 1,
      "created_at": "2024-01-18T00:00:00Z",
      "updated_at": "2024-01-18T00:00:00Z"
    }
  },
  {
    "model": "biomarkers.contribution",
    "pk": 18,
    "fields": {
      "author": 18,
      "book": 18,
      "role": "AUTHOR",
      "sort_order": 1,
      "created_at": "2024-01-19T00:00:00Z",
      "updated_at": "2024-01-19T00:00:00Z"
    }
  },
  {
    "model": "biomarkers.contribution",
    "pk": 19,
    "fields": {
      "author": 19,
      "book": 19,
      "role": "AUTHOR",
      "sort_order": 1,
      "created_at": "2024-01-20T00:00:00Z",
      "updated_at": "2024-01-20T00:00:00Z"
    }
  },
  {
    "model": "biomarkers.contribution",
    "pk": 20,
    "fields": {
      "author": 20,
      "book": 20,
      "role": "AUTHOR",
      "sort_order": 1,
      "created_at": "2024-01-21T00:00:00Z",
      "updated_at": "2024-01-21T00:00:00Z"
    }
  },
  {
    "model": "biomarkers.contribution",
    "pk": 21,
    "fields": {
      "author": 21,
      "book": 21,
      "role": "AUTHOR",
      "sort_order": 1,
      "created_at": "2024-01-22T00:00:00Z",
      "updated_at": "2024-01-22T00:00:00Z"
    }
  },
  {
    "model": "biomarkers.contribution",
    "pk": 22,
    "fields": {
      "author": 22,
      "book": 22,
      "role": "AUTHOR",
      "sort_order": 1,
      "created_at": "2024-01-23T00:00:00Z",
      "updated_at": "2024-01-23T00:00:00Z"
    }
  },
  {
    "model": "biomarkers.contribution",
    "pk": 23,
    "fields": {
      "author": 23,
      "book": 23,
      "role": "AUTHOR",
      "sort_order": 1,
      "created_at": "2024-01-24T00:00:00Z",
      "updated_at": "2024-01-24T00:00:00Z"
    }
  },
  {
    "model": "biomarkers.contribution",
    "pk": 24,
    "fields": {
      "author": 24,
      "book": 24,
      "role": "AUTHOR",
      "sort_order": 1,
      "created_at": "2024-01-25T00:00:00Z",
      "updated_at": "2024-01-25T00:00:00Z"
    }
  },
  {
    "model": "biomarkers.contribution",
    "pk": 25,
    "fields": {
      "author": 25,
      "book": 25,
      "role": "AUTHOR",
      "sort_order": 1,
      "created_at": "2024-01-26T00:00:00Z",
      "updated_at": "2024-01-26T00:00:00Z"
    }
  },
  {
    "model": "biomarkers.contribution",
    "pk": 26,
    "fields": {
      "author": 26,
      "book": 26,
      "role": "AUTHOR",
      "sort_order": 1,
      "created_at": "2024-01-27T00:00:00Z",
      "updated_at": "2024-01-27T00:00:00Z"
    }
  },
  {
    "model": "biomarkers.contribution",
    "pk": 27,
    "fields": {
      "author": 27,
      "book": 27,
      "role": "AUTHOR",
      "sort_order": 1,
      "created_at": "2024-01-28T00:00:00Z",
      "updated_at": "2024-01-28T00:00:00Z"
    }
  },
  {
    "model": "biomarkers.contribution",
    "pk": 28,
    "fields": {
      "author": 28,
      "book": 28,
      "role": "AUTHOR",
      "sort_order": 1,
      "created_at": "2024-01-29T00:00:00Z",
      "updated_at": "2024-01-29T00:00:00Z"
    }
  },
  {
    "model": "biomarkers.contribution",
    "pk": 29,
    "fields": {
      "author": 29,
      "book": 29,
      "role": "AUTHOR",
      "sort_order": 1,
      "created_at": "2024-01-30T00:00:00Z",
      "updated_at": "2024-01-30T00:00:00Z"
    }
  },
  {
    "model": "biomarkers.contribution",
    "pk": 30,
    "fields": {
      "author": 30,
      "book": 30,
      "role": "AUTHOR",
      "sort_order": 1,
      "created_at": "2024-01-31T00:00:00Z",
      "updated_at": "2024-01-31T00:00:00Z"
    }
  },
  {
    "model": "biomarkers.ebook",
    "pk": 1,
    "fields": {
      "file_url": "https://cdn.example/ebooks/book01.epub",
      "file_size_bytes": 5242880
    }
  },
  {
    "model": "biomarkers.ebook",
    "pk": 2,
    "fields": {
      "file_url": "https://cdn.example/ebooks/book02.epub",
      "file_size_bytes": 6291456
    }
  },
  {
    "model": "biomarkers.ebook",
    "pk": 3,
    "fields": {
      "file_url": "https://cdn.example/ebooks/book03.epub",
      "file_size_bytes": 7340032
    }
  },
  {
    "model": "biomarkers.ebook",
    "pk": 4,
    "fields": {
      "file_url": "https://cdn.example/ebooks/book04.epub",
      "file_size_bytes": 8388608
    }
  },
  {
    "model": "biomarkers.ebook",
    "pk": 5,
    "fields": {
      "file_url": "https://cdn.example/ebooks/book05.epub",
      "file_size_bytes": 9437184
    }
  },
  {
    "model": "biomarkers.ebook",
    "pk": 6,
    "fields": {
      "file_url": "https://cdn.example/ebooks/book06.epub",
      "file_size_bytes": 10485760
    }
  },
  {
    "model": "biomarkers.ebook",
    "pk": 7,
    "fields": {
      "file_url": "https://cdn.example/ebooks/book07.epub",
      "file_size_bytes": 11534336
    }
  },
  {
    "model": "biomarkers.ebook",
    "pk": 8,
    "fields": {
      "file_url": "https://cdn.example/ebooks/book08.epub",
      "file_size_bytes": 12582912
    }
  },
  {
    "model": "biomarkers.ebook",
    "pk": 9,
    "fields": {
      "file_url": "https://cdn.example/ebooks/book09.epub",
      "file_size_bytes": 13631488
    }
  },
  {
    "model": "biomarkers.ebook",
    "pk": 10,
    "fields": {
      "file_url": "https://cdn.example/ebooks/book10.epub",
      "file_size_bytes": 14680064
    }
  },
  {
    "model": "biomarkers.ebook",
    "pk": 11,
    "fields": {
      "file_url": "https://cdn.example/ebooks/book11.epub",
      "file_size_bytes": 15728640
    }
  },
  {
    "model": "biomarkers.ebook",
    "pk": 12,
    "fields": {
      "file_url": "https://cdn.example/ebooks/book12.epub",
      "file_size_bytes": 16777216
    }
  },
  {
    "model": "biomarkers.ebook",
    "pk": 13,
    "fields": {
      "file_url": "https://cdn.example/ebooks/book13.epub",
      "file_size_bytes": 17825792
    }
  },
  {
    "model": "biomarkers.ebook",
    "pk": 14,
    "fields": {
      "file_url": "https://cdn.example/ebooks/book14.epub",
      "file_size_bytes": 18874368
    }
  },
  {
    "model": "biomarkers.ebook",
    "pk": 15,
    "fields": {
      "file_url": "https://cdn.example/ebooks/book15.epub",
      "file_size_bytes": 19922944
    }
  },
  {
    "model": "biomarkers.ebook",
    "pk": 16,
    "fields": {
      "file_url": "https://cdn.example/ebooks/book16.epub",
      "file_size_bytes": 20971520
    }
  },
  {
    "model": "biomarkers.ebook",
    "pk": 17,
    "fields": {
      "file_url": "https://cdn.example/ebooks/book17.epub",
      "file_size_bytes": 22020096
    }
  },
  {
    "model": "biomarkers.ebook",
    "pk": 18,
    "fields": {
      "file_url": "https://cdn.example/ebooks/book18.epub",
      "file_size_bytes": 23068672
    }
  },
  {
    "model": "biomarkers.ebook",
    "pk": 19,
    "fields": {
      "file_url": "https://cdn.example/ebooks/book19.epub",
      "file_size_bytes": 24117248
    }
  },
  {
    "model": "biomarkers.ebook",
    "pk": 20,
    "fields": {
      "file_url": "https://cdn.example/ebooks/book20.epub",
      "file_size_bytes": 25165824
    }
  },
  {
    "model": "biomarkers.ebook",
    "pk": 21,
    "fields": {
      "file_url": "https://cdn.example/ebooks/book21.epub",
      "file_size_bytes": 26214400
    }
  },
  {
    "model": "biomarkers.ebook",
    "pk": 22,
    "fields": {
      "file_url": "https://cdn.example/ebooks/book22.epub",
      "file_size_bytes": 27262976
    }
  },
  {
    "model": "biomarkers.ebook",
    "pk": 23,
    "fields": {
      "file_url": "https://cdn.example/ebooks/book23.epub",
      "file_size_bytes": 28311552
    }
  },
  {
    "model": "biomarkers.ebook",
    "pk": 24,
    "fields": {
      "file_url": "https://cdn.example/ebooks/book24.epub",
      "file_size_bytes": 29360128
    }
  },
  {
    "model": "biomarkers.ebook",
    "pk": 25,
    "fields": {
      "file_url": "https://cdn.example/ebooks/book25.epub",
      "file_size_bytes": 30408704
    }
  },
  {
    "model": "biomarkers.ebook",
    "pk": 26,
    "fields": {
      "file_url": "https://cdn.example/ebooks/book26.epub",
      "file_size_bytes": 31457280
    }
  },
  {
    "model": "biomarkers.ebook",
    "pk": 27,
    "fields": {
      "file_url": "https://cdn.example/ebooks/book27.epub",
      "file_size_bytes": 32505856
    }
  },
  {
    "model": "biomarkers.ebook",
    "pk": 28,
    "fields": {
      "file_url": "https://cdn.example/ebooks/book28.epub",
      "file_size_bytes": 33554432
    }
  },
  {
    "model": "biomarkers.ebook",
    "pk": 29,
    "fields": {
      "file_url": "https://cdn.example/ebooks/book29.epub",
      "file_size_bytes": 34603008
    }
  },
  {
    "model": "biomarkers.ebook",
    "pk": 30,
    "fields": {
      "file_url": "https://cdn.example/ebooks/book30.epub",
      "file_size_bytes": 35651584
    }
  },
  {
    "model": "biomarkers.comment",
    "pk": 1,
    "fields": {
      "content_type": [
        "biomarkers",
        "book"
      ],
      "object_id": 1,
      "author": 1,
      "body": "Comment on Book 01 by user1",
      "created_at": "2024-01-02T00:00:00Z",
      "updated_at": "2024-01-02T00:00:00Z"
    }
  },
  {
    "model": "biomarkers.comment",
    "pk": 2,
    "fields": {
      "content_type": [
        "biomarkers",
        "book"
      ],
      "object_id": 2,
      "author": 2,
      "body": "Comment on Book 02 by user2",
      "created_at": "2024-01-03T00:00:00Z",
      "updated_at": "2024-01-03T00:00:00Z"
    }
  },
  {
    "model": "biomarkers.comment",
    "pk": 3,
    "fields": {
      "content_type": [
        "biomarkers",
        "book"
      ],
      "object_id": 3,
      "author": 3,
      "body": "Comment on Book 03 by user3",
      "created_at": "2024-01-04T00:00:00Z",
      "updated_at": "2024-01-04T00:00:00Z"
    }
  },
  {
    "model": "biomarkers.comment",
    "pk": 4,
    "fields": {
      "content_type": [
        "biomarkers",
        "book"
      ],
      "object_id": 4,
      "author": 4,
      "body": "Comment on Book 04 by user4",
      "created_at": "2024-01-05T00:00:00Z",
      "updated_at": "2024-01-05T00:00:00Z"
    }
  },
  {
    "model": "biomarkers.comment",
    "pk": 5,
    "fields": {
      "content_type": [
        "biomarkers",
        "book"
      ],
      "object_id": 5,
      "author": 5,
      "body": "Comment on Book 05 by user5",
      "created_at": "2024-01-06T00:00:00Z",
      "updated_at": "2024-01-06T00:00:00Z"
    }
  },
  {
    "model": "biomarkers.comment",
    "pk": 6,
    "fields": {
      "content_type": [
        "biomarkers",
        "book"
      ],
      "object_id": 6,
      "author": 6,
      "body": "Comment on Book 06 by user6",
      "created_at": "2024-01-07T00:00:00Z",
      "updated_at": "2024-01-07T00:00:00Z"
    }
  },
  {
    "model": "biomarkers.comment",
    "pk": 7,
    "fields": {
      "content_type": [
        "biomarkers",
        "book"
      ],
      "object_id": 7,
      "author": 7,
      "body": "Comment on Book 07 by user7",
      "created_at": "2024-01-08T00:00:00Z",
      "updated_at": "2024-01-08T00:00:00Z"
    }
  },
  {
    "model": "biomarkers.comment",
    "pk": 8,
    "fields": {
      "content_type": [
        "biomarkers",
        "book"
      ],
      "object_id": 8,
      "author": 8,
      "body": "Comment on Book 08 by user8",
      "created_at": "2024-01-09T00:00:00Z",
      "updated_at": "2024-01-09T00:00:00Z"
    }
  },
  {
    "model": "biomarkers.comment",
    "pk": 9,
    "fields": {
      "content_type": [
        "biomarkers",
        "book"
      ],
      "object_id": 9,
      "author": 9,
      "body": "Comment on Book 09 by user9",
      "created_at": "2024-01-10T00:00:00Z",
      "updated_at": "2024-01-10T00:00:00Z"
    }
  },
  {
    "model": "biomarkers.comment",
    "pk": 10,
    "fields": {
      "content_type": [
        "biomarkers",
        "book"
      ],
      "object_id": 10,
      "author": 10,
      "body": "Comment on Book 10 by user10",
      "created_at": "2024-01-11T00:00:00Z",
      "updated_at": "2024-01-11T00:00:00Z"
    }
  },
  {
    "model": "biomarkers.comment",
    "pk": 11,
    "fields": {
      "content_type": [
        "biomarkers",
        "book"
      ],
      "object_id": 11,
      "author": 11,
      "body": "Comment on Book 11 by user11",
      "created_at": "2024-01-12T00:00:00Z",
      "updated_at": "2024-01-12T00:00:00Z"
    }
  },
  {
    "model": "biomarkers.comment",
    "pk": 12,
    "fields": {
      "content_type": [
        "biomarkers",
        "book"
      ],
      "object_id": 12,
      "author": 12,
      "body": "Comment on Book 12 by user12",
      "created_at": "2024-01-13T00:00:00Z",
      "updated_at": "2024-01-13T00:00:00Z"
    }
  },
  {
    "model": "biomarkers.comment",
    "pk": 13,
    "fields": {
      "content_type": [
        "biomarkers",
        "book"
      ],
      "object_id": 13,
      "author": 13,
      "body": "Comment on Book 13 by user13",
      "created_at": "2024-01-14T00:00:00Z",
      "updated_at": "2024-01-14T00:00:00Z"
    }
  },
  {
    "model": "biomarkers.comment",
    "pk": 14,
    "fields": {
      "content_type": [
        "biomarkers",
        "book"
      ],
      "object_id": 14,
      "author": 14,
      "body": "Comment on Book 14 by user14",
      "created_at": "2024-01-15T00:00:00Z",
      "updated_at": "2024-01-15T00:00:00Z"
    }
  },
  {
    "model": "biomarkers.comment",
    "pk": 15,
    "fields": {
      "content_type": [
        "biomarkers",
        "book"
      ],
      "object_id": 15,
      "author": 15,
      "body": "Comment on Book 15 by user15",
      "created_at": "2024-01-16T00:00:00Z",
      "updated_at": "2024-01-16T00:00:00Z"
    }
  },
  {
    "model": "biomarkers.comment",
    "pk": 16,
    "fields": {
      "content_type": [
        "biomarkers",
        "publisher"
      ],
      "object_id": 1,
      "author": 16,
      "body": "Note on Publisher 01",
      "created_at": "2024-01-17T00:00:00Z",
      "updated_at": "2024-01-17T00:00:00Z"
    }
  },
  {
    "model": "biomarkers.comment",
    "pk": 17,
    "fields": {
      "content_type": [
        "biomarkers",
        "publisher"
      ],
      "object_id": 2,
      "author": 17,
      "body": "Note on Publisher 02",
      "created_at": "2024-01-18T00:00:00Z",
      "updated_at": "2024-01-18T00:00:00Z"
    }
  },
  {
    "model": "biomarkers.comment",
    "pk": 18,
    "fields": {
      "content_type": [
        "biomarkers",
        "publisher"
      ],
      "object_id": 3,
      "author": 18,
      "body": "Note on Publisher 03",
      "created_at": "2024-01-19T00:00:00Z",
      "updated_at": "2024-01-19T00:00:00Z"
    }
  },
  {
    "model": "biomarkers.comment",
    "pk": 19,
    "fields": {
      "content_type": [
        "biomarkers",
        "publisher"
      ],
      "object_id": 4,
      "author": 19,
      "body": "Note on Publisher 04",
      "created_at": "2024-01-20T00:00:00Z",
      "updated_at": "2024-01-20T00:00:00Z"
    }
  },
  {
    "model": "biomarkers.comment",
    "pk": 20,
    "fields": {
      "content_type": [
        "biomarkers",
        "publisher"
      ],
      "object_id": 5,
      "author": 20,
      "body": "Note on Publisher 05",
      "created_at": "2024-01-21T00:00:00Z",
      "updated_at": "2024-01-21T00:00:00Z"
    }
  },
  {
    "model": "biomarkers.comment",
    "pk": 21,
    "fields": {
      "content_type": [
        "biomarkers",
        "publisher"
      ],
      "object_id": 6,
      "author": 21,
      "body": "Note on Publisher 06",
      "created_at": "2024-01-22T00:00:00Z",
      "updated_at": "2024-01-22T00:00:00Z"
    }
  },
  {
    "model": "biomarkers.comment",
    "pk": 22,
    "fields": {
      "content_type": [
        "biomarkers",
        "publisher"
      ],
      "object_id": 7,
      "author": 22,
      "body": "Note on Publisher 07",
      "created_at": "2024-01-23T00:00:00Z",
      "updated_at": "2024-01-23T00:00:00Z"
    }
  },
  {
    "model": "biomarkers.comment",
    "pk": 23,
    "fields": {
      "content_type": [
        "biomarkers",
        "publisher"
      ],
      "object_id": 8,
      "author": 23,
      "body": "Note on Publisher 08",
      "created_at": "2024-01-24T00:00:00Z",
      "updated_at": "2024-01-24T00:00:00Z"
    }
  },
  {
    "model": "biomarkers.comment",
    "pk": 24,
    "fields": {
      "content_type": [
        "biomarkers",
        "publisher"
      ],
      "object_id": 9,
      "author": 24,
      "body": "Note on Publisher 09",
      "created_at": "2024-01-25T00:00:00Z",
      "updated_at": "2024-01-25T00:00:00Z"
    }
  },
  {
    "model": "biomarkers.comment",
    "pk": 25,
    "fields": {
      "content_type": [
        "biomarkers",
        "publisher"
      ],
      "object_id": 10,
      "author": 25,
      "body": "Note on Publisher 10",
      "created_at": "2024-01-26T00:00:00Z",
      "updated_at": "2024-01-26T00:00:00Z"
    }
  },
  {
    "model": "biomarkers.comment",
    "pk": 26,
    "fields": {
      "content_type": [
        "biomarkers",
        "publisher"
      ],
      "object_id": 11,
      "author": 26,
      "body": "Note on Publisher 11",
      "created_at": "2024-01-27T00:00:00Z",
      "updated_at": "2024-01-27T00:00:00Z"
    }
  },
  {
    "model": "biomarkers.comment",
    "pk": 27,
    "fields": {
      "content_type": [
        "biomarkers",
        "publisher"
      ],
      "object_id": 12,
      "author": 27,
      "body": "Note on Publisher 12",
      "created_at": "2024-01-28T00:00:00Z",
      "updated_at": "2024-01-28T00:00:00Z"
    }
  },
  {
    "model": "biomarkers.comment",
    "pk": 28,
    "fields": {
      "content_type": [
        "biomarkers",
        "publisher"
      ],
      "object_id": 13,
      "author": 28,
      "body": "Note on Publisher 13",
      "created_at": "2024-01-29T00:00:00Z",
      "updated_at": "2024-01-29T00:00:00Z"
    }
  },
  {
    "model": "biomarkers.comment",
    "pk": 29,
    "fields": {
      "content_type": [
        "biomarkers",
        "publisher"
      ],
      "object_id": 14,
      "author": 29,
      "body": "Note on Publisher 14",
      "created_at": "2024-01-30T00:00:00Z",
      "updated_at": "2024-01-30T00:00:00Z"
    }
  },
  {
    "model": "biomarkers.comment",
    "pk": 30,
    "fields": {
      "content_type": [
        "biomarkers",
        "publisher"
      ],
      "object_id": 15,
      "author": 30,
      "body": "Note on Publisher 15",
      "created_at": "2024-01-31T00:00:00Z",
      "updated_at": "2024-01-31T00:00:00Z"
    }
  }
]